iter	RMSE_SumError	RMSE_SumWeight	MAE_SumError	MAE_SumWeight
0	3.855197547e+14	2674	624158359.9	2674
1	3.526032708e+14	2674	591281852.5	2674
2	3.216900005e+14	2674	562646998.5	2674
3	3.035640306e+14	2674	541884155.4	2674
4	2.866557978e+14	2674	523169051.4	2674
5	2.765504907e+14	2674	510076912.7	2674
6	2.662862881e+14	2674	497044280.1	2674
7	2.536188112e+14	2674	482696501.2	2674
8	2.405580966e+14	2674	467935101.7	2674
9	2.348438535e+14	2674	458770011.4	2674
